{
  "Faction": "Chaos Daemons",
  "Boarding Actions Limits" : {
    "max_character": 2,
    "duplicate_character": false,
    "max_other": 4,
    "max_battleline": 3,
    "duplicate_other": false,
    "supported_unit_types": ["character", "battleline", "other" ]

  },
  "Boarding Actions Rules Modifications" : [
    "The Beasts of Nurgle unit loses the Grotesque Regeneration ability",
    "The Epidemius model loses the Tally of Pestilence ability",
    "The Flesh Hounds unit loses the Pouncing Hunters ability",
    "The Infernal Enrapturess model loses the Harmonic Alignment ability",
    "The Plaguebearers unit loses the Infected Outbreak ability",
    "The Screamers unit loses the Slashing Dive ability",
    "The The Changeling model loses the Formless Horror ability",
    "SHADOW OF CHAOS: for the purposes of Shadow of Chaos Army Rule, the entire battlefield is considered as No Man's Land. In addition, each time an enemy unit fails a Battle shock test, that unit only suffers a SINGLE MORTAL WOUND from the Daemonic Terror ability, instead of D3."
  ],
  "Boarding Actions Units": [
    {
      "unit_name": "Bloodmaster",
      "unit_sizes": [1],
      "requires": ["Bloodletters"],
      "unit_type": "character",
      "unit_cost": 75
    },
    {
      "unit_name": "Karanak",
      "unit_sizes": [1],
      "requires": ["Bloodletters"],
      "unit_type": "character",
      "unit_cost": 75
    },
    {
      "unit_name": "Skulltaker",
      "unit_sizes": [1],
      "requires": ["Bloodletters"],
      "unit_type": "character",
      "unit_cost": 95
    },
     {
      "unit_name": "Changecaster",
      "unit_sizes": [1],
      "requires": ["Pink Horrors", "Blue Horrors"],
      "unit_type": "character",
      "unit_cost": 65
    },
     {
      "unit_name": "Exalted Flamer",
      "unit_sizes": [1],
      "requires": ["Flamers"],
      "unit_type": "character",
      "unit_cost": 70
    },
     {
      "unit_name": "The Changeling",
      "unit_sizes": [1],
      "requires": ["Pink Horrors", "Blue Horrors"],
      "unit_type": "character",
      "unit_cost": 90
    },
     {
      "unit_name": "Epidemius",
      "unit_sizes": [1],
      "requires": ["Plaguebearers"],
      "unit_type": "character",
      "unit_cost": 85
    },
     {
      "unit_name": "Poxbringer",
      "unit_sizes": [1],
      "requires": ["Plaguebearers"],
      "unit_type": "character",
      "unit_cost": 65
    },
     {
      "unit_name": "Sloppity Bilepiper",
      "unit_sizes": [1],
      "requires": ["Plaguebearers"],
      "unit_type": "character",
      "unit_cost": 55
    },
    {
      "unit_name": "Spoilpox Scrivener",
      "unit_sizes": [1],
      "requires": ["Plaguebearers"],
      "unit_type": "character",
      "unit_cost": 65
    },
    {
      "unit_name": "Contorted Epitome",
      "unit_sizes": [1],
      "requires": ["Daemonettes"],
      "unit_type": "character",
      "unit_cost": 85
    },
     {
      "unit_name": "Infernal Enrapturess",
      "unit_sizes": [1],
      "requires": ["Daemonettes"],
      "unit_type": "character",
      "unit_cost": 65
    },
     {
      "unit_name": "The Masque of Slaanesh",
      "unit_sizes": [1],
      "requires": ["Daemonettes"],
      "unit_type": "character",
      "unit_cost": 105
    },
     {
      "unit_name": "Tranceweaver",
      "unit_sizes": [1],
      "requires": ["Daemonettes"],
      "unit_type": "character",
      "unit_cost": 60
    },
     {
      "unit_name": "Bloodletters",
      "unit_sizes": [10],
      "requires": [],
      "unit_type": "battleline",
      "unit_cost": 140
    },
     {
      "unit_name": "Blue Horrors",
      "unit_sizes": [10],
      "requires": [],
      "unit_type": "battleline",
      "unit_cost": 125
    },
     {
      "unit_name": "Pink Horrors",
      "unit_sizes": [10],
      "requires": [],
      "unit_type": "battleline",
      "unit_cost": 140
    },
     {
      "unit_name": "Plaguebearers",
      "unit_sizes": [10],
      "requires": [],
      "unit_type": "battleline",
      "unit_cost": 125
    },
     {
      "unit_name": "Nurglings",
      "unit_sizes": [3],
      "requires": [],
      "unit_type": "battleline",
      "unit_cost": 35
    },
     {
      "unit_name": "Daemonettes",
      "unit_sizes": [10],
      "requires": [],
      "unit_type": "battleline",
      "unit_cost": 140
    },
     {
      "unit_name": "Flesh Hounds",
      "unit_sizes": [5],
      "requires": [],
      "unit_type": "other",
      "unit_cost": 70
    },
     {
      "unit_name": "Flamers",
      "unit_sizes": [3],
      "requires": [],
      "unit_type": "other",
      "unit_cost": 80
    },
     {
      "unit_name": "Screamers",
      "unit_sizes": [3],
      "requires": [],
      "unit_type": "other",
      "unit_cost": 80
    },
     {
      "unit_name": "Beasts of Nurgle",
      "unit_sizes": [1, 2],
      "requires": [],
      "unit_type": "other",
      "unit_cost": 70
    },
     {
      "unit_name": "Fiends",
      "unit_sizes": [3],
      "requires": [],
      "unit_type": "other",
      "unit_cost": 130
    }
  ]
}
