{
  "Faction": "Tau Empire",
  "Boarding Actions Limits" : {
    "max_character": 1,
    "max_battleline": 3,
    "duplicate_character": false,
    "max_fastattack": 2,
    "duplicate_fastattck": false,
    "max_elite": 1,
    "max_krootmerc": 4,
    "duplicate_krootemerc": false,
    "supported_unit_types": ["character", "battleline", "krootmerc", "fastattack", "elite" ]

  },
  "Boarding Actions Rules Modifications" : [
    "The Commander Farsight model loses the Deep Strike, Way of the Short Blade and Aggressive Offensive abilities",
    "The Crisis Battlesuits unit loses the Deep Strike and Turbo-Jets abilities",
    "The Stealth Battlesuits unit loses the Homing Beacon ability",
    "The Strike Team unit loses the Cover Fire ability",
    "The Tactical Drones unit loses the Deep Strike ability",
    "The Vespid Stingwings unit loses the Deep Strike and Airborne Agility abilities"

  ],
  "Boarding Actions Units": [
    {
      "unit_name" : "Aun'Shi",
      "unit_sizes": [1],
      "requires": [],
      "unit_type": "character",
      "unit_cost": 50
    },
     {
      "unit_name" : "Aun'Va",
      "unit_sizes": [1],
      "requires": [],
      "unit_type": "character",
      "unit_cost": 65
    },
     {
      "unit_name" : "Cadre Fireblade",
      "unit_sizes": [1],
      "requires": [],
      "unit_type": "character",
      "unit_cost": 40
    },
     {
      "unit_name": "Commander Farsight",
      "unit_sizes": [1],
      "requires": [],
      "unit_type": "character",
      "unit_cost": 90
    },
     {
      "unit_name": "Darkstrider",
      "unit_sizes": [1],
      "requires": [],
      "unit_type": "character",
      "unit_cost": 60
    },
     {
      "unit_name": "Ethereal",
      "unit_sizes": [1],
      "requires": [],
      "unit_type": "character",
      "unit_cost": 50
    },
     {
      "unit_name": "Kroot Shaper",
      "unit_sizes": [1],
      "requires": ["Kroot Carnivores"],
      "unit_type": "krootmerc",
      "unit_cost": 50
    },
     {
      "unit_name": "Kroot Hounds",
      "unit_sizes": [4,8,12],
      "requires": [],
      "unit_type": "battleline",
      "unit_cost": 30
    },
     {
      "unit_name": "Breacher Team",
      "unit_sizes": [10],
      "requires": [],
      "unit_type": "battleline",
      "unit_cost": 90
    },
     {
      "unit_name": "Strike Team",
      "unit_sizes": [10],
      "requires": [],
      "unit_type": "battleline",
      "unit_cost": 80
    },
     {
      "unit_name": "Kroot Carnivores",
      "unit_sizes": [10],
      "requires": [],
      "unit_type": "battleline",
      "unit_cost": 55
    },
     {
      "unit_name": "Pathfinder Team",
      "unit_sizes": [10],
      "requires": [],
      "unit_type": "fastattack",
      "unit_cost": 90
    },
     {
      "unit_name": "Tactical Drones",
      "unit_sizes": [4],
      "requires": [],
      "unit_type": "fastattack",
      "unit_cost": 70
    },
    {
      "unit_name": "Kroot Farstalkers",
      "unit_sizes": [12],
      "unit_type": "krootmerc",
      "requires": ["Kroot Carnivores"],
      "unit_cost": 70
    },
     {
      "unit_name": "Krotox Riders",
      "unit_sizes": [1, 2, 3],
      "unit_type": "krootmerc",
      "requires": ["Kroot Carnivores"],
      "unit_cost": 35
    },
     {
      "unit_name": "Crisis Battlesuits",
      "unit_sizes": [3],
      "requires": [],
      "unit_type": "elite",
      "unit_cost": 180
    },
     {
      "unit_name": "Stealth Battlesuits",
      "unit_sizes": [3],
      "requires": [],
      "unit_type": "elite",
      "unit_cost": 60
    },
     {
      "unit_name": "Vespid Stingwings",
      "unit_sizes": [5],
      "requires": [],
      "unit_type": "special",
      "unit_cost": 75
    }
  ]
}
